OrderID,Date,Customer,Product,Category,Quantity,Price
1001,2023-02-17,Rohit Gupta,Chair,Furniture,2,1999
1002,2023-03-04,Amit Sharma,Marker,Stationery,4,35
1003,2023-08-31,Rahul Mehta,Headphones,Electronics,2,1299
1004,2023-08-27,Rohit Gupta,Desk,Furniture,4,3499
1005,2023-12-22,Rahul Mehta,Headphones,Electronics,4,1299
1006,2023-04-12,Rahul Mehta,Marker,Stationery,1,35
1007,2023-04-05,Amit Sharma,Notebook,Stationery,3,99
1008,2023-04-23,Amit Sharma,Marker,Stationery,1,35
1009,2023-07-09,Amit Sharma,Chair,Furniture,3,1999
1010,2023-05-09,Amit Sharma,Smartphone,Electronics,1,15999
1011,2023-01-04,Priya Singh,Mouse,Electronics,5,499
1012,2023-07-30,Rohit Gupta,Smartphone,Electronics,5,15999
1013,2023-08-14,Rohit Gupta,Laptop,Electronics,2,45999
1014,2023-05-29,Rohit Gupta,Notebook,Stationery,2,99
1015,2023-11-25,Priya Singh,Marker,Stationery,3,35
1016,2023-03-04,Priya Singh,Marker,Stationery,4,35
1017,2023-09-05,Neha Verma,Headphones,Electronics,5,1299
1018,2023-03-16,Amit Sharma,Laptop,Electronics,3,45999
1019,2023-10-16,Rahul Mehta,Printer,Electronics,2,8999
1020,2023-01-17,Amit Sharma,Desk,Furniture,1,3499
1021,2023-11-18,Amit Sharma,Chair,Furniture,5,1999
1022,2023-10-11,Priya Singh,Smartphone,Electronics,2,15999
1023,2023-04-20,Neha Verma,Desk,Furniture,3,3499
1024,2023-08-02,Amit Sharma,Pen,Stationery,5,20
1025,2023-09-20,Neha Verma,Notebook,Stationery,3,99
1026,2023-05-15,Rohit Gupta,Notebook,Stationery,5,99
1027,2023-10-23,Rahul Mehta,Desk,Furniture,2,3499
1028,2023-12-21,Anjali Chauhan,Laptop,Electronics,1,45999
1029,2023-05-21,Rahul Mehta,Laptop,Electronics,5,45999
1030,2023-08-31,Neha Verma,Laptop,Electronics,3,45999
1031,2023-07-02,Rohit Gupta,Pen,Stationery,1,20
1032,2023-10-01,Rohit Gupta,Mouse,Electronics,2,499
1033,2023-05-23,Priya Singh,Headphones,Electronics,4,1299
1034,2023-09-15,Rahul Mehta,Notebook,Stationery,4,99
1035,2023-08-26,Priya Singh,Smartphone,Electronics,4,15999
1036,2023-12-14,Amit Sharma,Notebook,Stationery,3,99
1037,2023-06-03,Neha Verma,Notebook,Stationery,1,99
1038,2023-01-27,Neha Verma,Marker,Stationery,1,35
1039,2023-03-16,Amit Sharma,Printer,Electronics,5,8999
1040,2023-07-10,Anjali Chauhan,Chair,Furniture,4,1999
1041,2023-01-27,Anjali Chauhan,Notebook,Stationery,5,99
1042,2023-06-09,Rohit Gupta,Marker,Stationery,2,35
1043,2023-05-05,Amit Sharma,Desk,Furniture,2,3499
1044,2023-10-21,Anjali Chauhan,Desk,Furniture,4,3499
1045,2023-08-30,Rohit Gupta,Chair,Furniture,4,1999
1046,2023-07-20,Neha Verma,Printer,Electronics,3,8999
1047,2023-05-02,Rahul Mehta,Marker,Stationery,5,35
1048,2023-04-17,Rahul Mehta,Smartphone,Electronics,3,15999
1049,2023-05-02,Priya Singh,Desk,Furniture,4,3499
1050,2023-04-25,Rahul Mehta,Desk,Furniture,4,3499
1051,2023-03-07,Anjali Chauhan,Laptop,Electronics,1,45999
1052,2023-04-30,Amit Sharma,Mouse,Electronics,4,499
1053,2023-08-14,Priya Singh,Notebook,Stationery,3,99
1054,2023-03-20,Rohit Gupta,Laptop,Electronics,1,45999
1055,2023-10-05,Neha Verma,Mouse,Electronics,4,499
1056,2023-11-30,Neha Verma,Desk,Furniture,4,3499
1057,2023-11-14,Priya Singh,Pen,Stationery,1,20
1058,2023-01-14,Neha Verma,Printer,Electronics,5,8999
1059,2023-09-08,Rohit Gupta,Printer,Electronics,1,8999
1060,2023-01-22,Neha Verma,Desk,Furniture,2,3499
1061,2023-11-22,Rohit Gupta,Notebook,Stationery,5,99
1062,2023-11-07,Neha Verma,Pen,Stationery,1,20
1063,2023-06-20,Priya Singh,Smartphone,Electronics,3,15999
1064,2023-12-31,Neha Verma,Notebook,Stationery,4,99
1065,2023-05-27,Amit Sharma,Pen,Stationery,3,20
1066,2023-04-17,Priya Singh,Desk,Furniture,3,3499
1067,2023-06-22,Rahul Mehta,Desk,Furniture,3,3499
1068,2023-02-06,Priya Singh,Laptop,Electronics,2,45999
1069,2023-12-04,Neha Verma,Printer,Electronics,3,8999
1070,2023-11-11,Priya Singh,Laptop,Electronics,5,45999
1071,2023-10-03,Neha Verma,Smartphone,Electronics,4,15999
1072,2023-08-14,Amit Sharma,Desk,Furniture,3,3499
1073,2023-06-03,Priya Singh,Chair,Furniture,4,1999
1074,2023-09-30,Amit Sharma,Smartphone,Electronics,2,15999
1075,2023-09-10,Rohit Gupta,Headphones,Electronics,5,1299
1076,2023-06-13,Rohit Gupta,Laptop,Electronics,3,45999
1077,2023-12-29,Amit Sharma,Pen,Stationery,1,20
1078,2023-07-29,Anjali Chauhan,Marker,Stationery,1,35
1079,2023-03-13,Neha Verma,Headphones,Electronics,3,1299
1080,2023-08-11,Priya Singh,Smartphone,Electronics,4,15999
1081,2023-12-23,Rahul Mehta,Desk,Furniture,3,3499
1082,2023-01-20,Rahul Mehta,Printer,Electronics,5,8999
1083,2023-03-30,Amit Sharma,Laptop,Electronics,2,45999
1084,2023-12-30,Rohit Gupta,Chair,Furniture,5,1999
1085,2023-03-09,Amit Sharma,Headphones,Electronics,3,1299
1086,2023-11-21,Rohit Gupta,Headphones,Electronics,4,1299
1087,2023-09-07,Anjali Chauhan,Desk,Furniture,4,3499
1088,2023-01-08,Rahul Mehta,Notebook,Stationery,2,99
1089,2023-05-18,Neha Verma,Headphones,Electronics,3,1299
1090,2023-10-19,Priya Singh,Printer,Electronics,4,8999
1091,2023-03-08,Priya Singh,Smartphone,Electronics,3,15999
1092,2023-05-23,Priya Singh,Laptop,Electronics,5,45999
1093,2023-10-03,Amit Sharma,Desk,Furniture,5,3499
1094,2023-08-29,Rohit Gupta,Marker,Stationery,4,35
1095,2023-05-23,Neha Verma,Chair,Furniture,1,1999
1096,2023-12-22,Rohit Gupta,Mouse,Electronics,3,499
1097,2023-07-28,Anjali Chauhan,Printer,Electronics,4,8999
1098,2023-06-11,Amit Sharma,Marker,Stationery,1,35
1099,2023-12-19,Rahul Mehta,Marker,Stationery,3,35
1100,2023-03-08,Priya Singh,Notebook,Stationery,2,99
1101,2023-05-18,Rahul Mehta,Smartphone,Electronics,5,15999
1102,2023-03-05,Rohit Gupta,Pen,Stationery,4,20
1103,2023-12-08,Rahul Mehta,Laptop,Electronics,5,45999
1104,2023-06-29,Rohit Gupta,Printer,Electronics,1,8999
1105,2023-11-01,Neha Verma,Desk,Furniture,2,3499
1106,2023-10-07,Priya Singh,Chair,Furniture,4,1999
1107,2023-01-10,Rahul Mehta,Notebook,Stationery,1,99
1108,2023-03-08,Neha Verma,Marker,Stationery,3,35
1109,2023-02-25,Anjali Chauhan,Printer,Electronics,1,8999
1110,2023-05-17,Rohit Gupta,Mouse,Electronics,1,499
1111,2023-09-22,Rahul Mehta,Printer,Electronics,5,8999
1112,2023-06-22,Amit Sharma,Notebook,Stationery,4,99
1113,2023-10-11,Rohit Gupta,Notebook,Stationery,2,99
1114,2023-11-16,Rohit Gupta,Marker,Stationery,2,35
1115,2023-10-07,Priya Singh,Mouse,Electronics,1,499
1116,2023-11-04,Priya Singh,Smartphone,Electronics,4,15999
1117,2023-10-16,Anjali Chauhan,Marker,Stationery,2,35
1118,2023-06-27,Rahul Mehta,Marker,Stationery,5,35
1119,2023-03-25,Neha Verma,Pen,Stationery,4,20
1120,2023-04-27,Rohit Gupta,Marker,Stationery,5,35
1121,2023-05-21,Neha Verma,Pen,Stationery,5,20
1122,2023-11-29,Amit Sharma,Desk,Furniture,3,3499
1123,2023-06-26,Neha Verma,Notebook,Stationery,3,99
1124,2023-06-05,Priya Singh,Desk,Furniture,1,3499
1125,2023-08-10,Amit Sharma,Laptop,Electronics,3,45999
1126,2023-02-21,Neha Verma,Laptop,Electronics,5,45999
1127,2023-07-10,Neha Verma,Pen,Stationery,4,20
1128,2023-10-18,Amit Sharma,Headphones,Electronics,1,1299
1129,2023-12-05,Rahul Mehta,Marker,Stationery,4,35
1130,2023-06-01,Neha Verma,Mouse,Electronics,2,499
1131,2023-08-25,Priya Singh,Marker,Stationery,3,35
1132,2023-08-17,Neha Verma,Desk,Furniture,2,3499
1133,2023-12-13,Rohit Gupta,Notebook,Stationery,3,99
1134,2023-07-11,Amit Sharma,Smartphone,Electronics,3,15999
1135,2023-11-22,Rahul Mehta,Headphones,Electronics,5,1299
1136,2023-01-12,Rohit Gupta,Desk,Furniture,5,3499
1137,2023-01-02,Priya Singh,Laptop,Electronics,3,45999
1138,2023-12-04,Amit Sharma,Laptop,Electronics,1,45999
1139,2023-11-16,Priya Singh,Chair,Furniture,3,1999
1140,2023-06-24,Rohit Gupta,Printer,Electronics,5,8999
1141,2023-03-18,Rahul Mehta,Pen,Stationery,4,20
1142,2023-02-09,Rohit Gupta,Smartphone,Electronics,3,15999
1143,2023-11-03,Neha Verma,Printer,Electronics,4,8999
1144,2023-10-27,Neha Verma,Smartphone,Electronics,4,15999
1145,2023-05-05,Priya Singh,Smartphone,Electronics,4,15999
1146,2023-04-16,Rohit Gupta,Notebook,Stationery,1,99
1147,2023-10-08,Anjali Chauhan,Smartphone,Electronics,4,15999
1148,2023-09-22,Priya Singh,Desk,Furniture,1,3499
1149,2023-06-24,Rohit Gupta,Marker,Stationery,4,35
1150,2023-12-16,Rohit Gupta,Smartphone,Electronics,5,15999
1151,2023-10-08,Priya Singh,Pen,Stationery,4,20
1152,2023-06-07,Amit Sharma,Notebook,Stationery,2,99
1153,2023-10-31,Amit Sharma,Laptop,Electronics,2,45999
1154,2023-01-05,Rohit Gupta,Marker,Stationery,5,35
1155,2023-05-06,Priya Singh,Smartphone,Electronics,5,15999
1156,2023-02-01,Rahul Mehta,Pen,Stationery,3,20
1157,2023-01-18,Neha Verma,Laptop,Electronics,4,45999
1158,2023-05-08,Anjali Chauhan,Chair,Furniture,1,1999
1159,2023-08-11,Neha Verma,Marker,Stationery,2,35
1160,2023-07-25,Rahul Mehta,Smartphone,Electronics,1,15999
1161,2023-10-09,Priya Singh,Chair,Furniture,5,1999
1162,2023-05-31,Neha Verma,Headphones,Electronics,1,1299
1163,2023-07-24,Amit Sharma,Mouse,Electronics,4,499
1164,2023-03-19,Priya Singh,Smartphone,Electronics,1,15999
1165,2023-11-05,Rohit Gupta,Smartphone,Electronics,3,15999
1166,2023-04-09,Neha Verma,Notebook,Stationery,5,99
1167,2023-12-05,Anjali Chauhan,Marker,Stationery,1,35
1168,2023-06-23,Amit Sharma,Notebook,Stationery,4,99
1169,2023-02-23,Rahul Mehta,Chair,Furniture,1,1999
1170,2023-04-12,Rahul Mehta,Smartphone,Electronics,3,15999
1171,2023-07-09,Rohit Gupta,Notebook,Stationery,3,99
1172,2023-07-09,Neha Verma,Marker,Stationery,3,35
1173,2023-12-18,Neha Verma,Mouse,Electronics,3,499
1174,2023-05-26,Priya Singh,Marker,Stationery,2,35
1175,2023-04-10,Amit Sharma,Chair,Furniture,5,1999
1176,2023-03-17,Anjali Chauhan,Mouse,Electronics,2,499
1177,2023-07-30,Rohit Gupta,Notebook,Stationery,4,99
1178,2023-08-30,Rohit Gupta,Laptop,Electronics,3,45999
1179,2023-06-18,Rohit Gupta,Desk,Furniture,5,3499
1180,2023-05-09,Rahul Mehta,Mouse,Electronics,5,499
1181,2023-03-10,Priya Singh,Laptop,Electronics,1,45999
1182,2023-10-13,Anjali Chauhan,Smartphone,Electronics,4,15999
1183,2023-10-02,Rahul Mehta,Laptop,Electronics,5,45999
1184,2023-09-05,Amit Sharma,Pen,Stationery,5,20
1185,2023-01-16,Amit Sharma,Chair,Furniture,3,1999
1186,2023-12-26,Rohit Gupta,Notebook,Stationery,1,99
1187,2023-01-15,Neha Verma,Mouse,Electronics,3,499
1188,2023-05-06,Rahul Mehta,Desk,Furniture,4,3499
1189,2023-09-19,Rohit Gupta,Marker,Stationery,3,35
1190,2023-10-28,Rohit Gupta,Laptop,Electronics,2,45999
1191,2023-08-31,Rahul Mehta,Notebook,Stationery,2,99
1192,2023-02-19,Amit Sharma,Notebook,Stationery,5,99
1193,2023-10-10,Rahul Mehta,Laptop,Electronics,5,45999
1194,2023-04-22,Amit Sharma,Pen,Stationery,1,20
1195,2023-09-16,Amit Sharma,Notebook,Stationery,3,99
1196,2023-09-11,Priya Singh,Mouse,Electronics,2,499
1197,2023-12-26,Rahul Mehta,Desk,Furniture,4,3499
1198,2023-01-21,Neha Verma,Notebook,Stationery,4,99
1199,2023-07-25,Amit Sharma,Printer,Electronics,2,8999
1200,2023-02-20,Neha Verma,Headphones,Electronics,4,1299
1201,2023-09-17,Priya Singh,Marker,Stationery,5,35
1202,2023-10-05,Anjali Chauhan,Chair,Furniture,2,1999
1203,2023-08-23,Rahul Mehta,Laptop,Electronics,2,45999
1204,2023-05-19,Rohit Gupta,Smartphone,Electronics,4,15999
1205,2023-07-17,Anjali Chauhan,Pen,Stationery,4,20
1206,2023-03-19,Rahul Mehta,Pen,Stationery,5,20
1207,2023-04-15,Amit Sharma,Smartphone,Electronics,5,15999
1208,2023-03-08,Neha Verma,Printer,Electronics,2,8999
1209,2023-07-05,Amit Sharma,Mouse,Electronics,2,499
1210,2023-05-14,Priya Singh,Mouse,Electronics,3,499
1211,2023-10-09,Amit Sharma,Desk,Furniture,5,3499
1212,2023-10-30,Rahul Mehta,Laptop,Electronics,3,45999
1213,2023-10-26,Anjali Chauhan,Printer,Electronics,5,8999
1214,2023-08-23,Priya Singh,Smartphone,Electronics,4,15999
1215,2023-06-16,Rohit Gupta,Notebook,Stationery,1,99
1216,2023-09-06,Rahul Mehta,Notebook,Stationery,5,99
1217,2023-01-27,Rahul Mehta,Mouse,Electronics,2,499
1218,2023-08-08,Rohit Gupta,Marker,Stationery,4,35
1219,2023-07-05,Rahul Mehta,Marker,Stationery,4,35
1220,2023-09-08,Rohit Gupta,Pen,Stationery,2,20
1221,2023-01-22,Neha Verma,Notebook,Stationery,4,99
1222,2023-10-23,Amit Sharma,Pen,Stationery,4,20
1223,2023-05-09,Rahul Mehta,Smartphone,Electronics,1,15999
1224,2023-11-29,Priya Singh,Headphones,Electronics,4,1299
1225,2023-08-18,Rahul Mehta,Chair,Furniture,5,1999
1226,2023-10-18,Priya Singh,Printer,Electronics,2,8999
1227,2023-02-03,Neha Verma,Notebook,Stationery,1,99
1228,2023-11-23,Priya Singh,Desk,Furniture,5,3499
1229,2023-12-12,Anjali Chauhan,Notebook,Stationery,2,99
1230,2023-09-23,Rahul Mehta,Mouse,Electronics,1,499
1231,2023-08-12,Rahul Mehta,Smartphone,Electronics,2,15999
1232,2023-07-16,Anjali Chauhan,Mouse,Electronics,4,499
1233,2023-02-03,Rohit Gupta,Desk,Furniture,5,3499
1234,2023-08-05,Neha Verma,Mouse,Electronics,2,499
1235,2023-02-05,Priya Singh,Printer,Electronics,4,8999
1236,2023-01-17,Anjali Chauhan,Chair,Furniture,4,1999
1237,2023-09-05,Anjali Chauhan,Mouse,Electronics,2,499
1238,2023-09-18,Amit Sharma,Smartphone,Electronics,4,15999
1239,2023-04-18,Anjali Chauhan,Chair,Furniture,3,1999
1240,2023-07-03,Neha Verma,Mouse,Electronics,4,499
1241,2023-09-22,Rahul Mehta,Headphones,Electronics,1,1299
1242,2023-10-16,Amit Sharma,Desk,Furniture,3,3499
1243,2023-12-27,Amit Sharma,Smartphone,Electronics,5,15999
1244,2023-09-02,Rahul Mehta,Smartphone,Electronics,5,15999
1245,2023-09-28,Rahul Mehta,Headphones,Electronics,3,1299
1246,2023-06-08,Rahul Mehta,Desk,Furniture,2,3499
1247,2023-12-05,Rahul Mehta,Pen,Stationery,3,20
1248,2023-04-04,Rahul Mehta,Notebook,Stationery,3,99
1249,2023-02-25,Priya Singh,Headphones,Electronics,4,1299
1250,2023-01-22,Priya Singh,Chair,Furniture,3,1999
1251,2023-08-24,Rohit Gupta,Marker,Stationery,4,35
1252,2023-07-10,Amit Sharma,Desk,Furniture,4,3499
1253,2023-04-01,Anjali Chauhan,Desk,Furniture,3,3499
1254,2023-09-05,Priya Singh,Desk,Furniture,3,3499
1255,2023-11-14,Rohit Gupta,Desk,Furniture,3,3499
1256,2023-02-16,Rahul Mehta,Smartphone,Electronics,3,15999
1257,2023-05-09,Rahul Mehta,Chair,Furniture,3,1999
1258,2023-06-14,Priya Singh,Headphones,Electronics,2,1299
1259,2023-11-16,Neha Verma,Notebook,Stationery,1,99
1260,2023-09-14,Neha Verma,Notebook,Stationery,4,99
1261,2023-12-18,Priya Singh,Chair,Furniture,1,1999
1262,2023-01-15,Anjali Chauhan,Pen,Stationery,2,20
1263,2023-02-09,Rohit Gupta,Marker,Stationery,4,35
1264,2023-08-05,Neha Verma,Pen,Stationery,5,20
1265,2023-04-17,Anjali Chauhan,Smartphone,Electronics,5,15999
1266,2023-07-25,Anjali Chauhan,Laptop,Electronics,4,45999
1267,2023-04-06,Rohit Gupta,Headphones,Electronics,5,1299
1268,2023-02-27,Amit Sharma,Headphones,Electronics,5,1299
1269,2023-09-01,Anjali Chauhan,Printer,Electronics,2,8999
1270,2023-11-26,Neha Verma,Mouse,Electronics,3,499
1271,2023-06-03,Amit Sharma,Pen,Stationery,1,20
1272,2023-09-12,Priya Singh,Desk,Furniture,2,3499
1273,2023-04-17,Anjali Chauhan,Laptop,Electronics,2,45999
1274,2023-08-30,Neha Verma,Printer,Electronics,1,8999
1275,2023-09-15,Rahul Mehta,Desk,Furniture,3,3499
1276,2023-03-11,Anjali Chauhan,Chair,Furniture,1,1999
1277,2023-04-11,Neha Verma,Laptop,Electronics,3,45999
1278,2023-04-29,Rohit Gupta,Printer,Electronics,5,8999
1279,2023-09-29,Neha Verma,Laptop,Electronics,2,45999
1280,2023-10-01,Anjali Chauhan,Laptop,Electronics,5,45999
1281,2023-05-05,Amit Sharma,Printer,Electronics,5,8999
1282,2023-08-17,Priya Singh,Marker,Stationery,2,35
1283,2023-10-26,Amit Sharma,Printer,Electronics,4,8999
1284,2023-06-20,Rohit Gupta,Printer,Electronics,1,8999
1285,2023-09-19,Anjali Chauhan,Mouse,Electronics,1,499
1286,2023-02-21,Amit Sharma,Mouse,Electronics,4,499
1287,2023-04-22,Amit Sharma,Headphones,Electronics,4,1299
1288,2023-07-26,Rohit Gupta,Pen,Stationery,1,20
1289,2023-06-03,Neha Verma,Desk,Furniture,1,3499
1290,2023-06-10,Amit Sharma,Smartphone,Electronics,5,15999
1291,2023-10-02,Rahul Mehta,Mouse,Electronics,4,499
1292,2023-11-05,Rahul Mehta,Desk,Furniture,1,3499
1293,2023-02-12,Priya Singh,Desk,Furniture,1,3499
1294,2023-08-01,Amit Sharma,Marker,Stationery,2,35
1295,2023-11-04,Neha Verma,Laptop,Electronics,5,45999
1296,2023-05-26,Rohit Gupta,Notebook,Stationery,3,99
1297,2023-05-06,Priya Singh,Headphones,Electronics,3,1299
1298,2023-02-05,Amit Sharma,Notebook,Stationery,5,99
1299,2023-08-22,Anjali Chauhan,Marker,Stationery,2,35
1300,2023-08-31,Neha Verma,Smartphone,Electronics,2,15999
1301,2023-02-24,Rohit Gupta,Notebook,Stationery,3,99
1302,2023-03-01,Anjali Chauhan,Laptop,Electronics,1,45999
1303,2023-06-20,Neha Verma,Laptop,Electronics,5,45999
1304,2023-10-30,Anjali Chauhan,Printer,Electronics,1,8999
1305,2023-05-05,Rohit Gupta,Smartphone,Electronics,4,15999
1306,2023-12-19,Priya Singh,Laptop,Electronics,4,45999
1307,2023-12-10,Neha Verma,Chair,Furniture,1,1999
1308,2023-07-17,Anjali Chauhan,Smartphone,Electronics,3,15999
1309,2023-12-18,Rahul Mehta,Desk,Furniture,5,3499
1310,2023-08-08,Rahul Mehta,Chair,Furniture,2,1999
1311,2023-10-16,Anjali Chauhan,Desk,Furniture,3,3499
1312,2023-09-08,Neha Verma,Headphones,Electronics,2,1299
1313,2023-04-27,Priya Singh,Printer,Electronics,4,8999
1314,2023-08-12,Anjali Chauhan,Smartphone,Electronics,1,15999
1315,2023-08-16,Rahul Mehta,Smartphone,Electronics,4,15999
1316,2023-10-23,Amit Sharma,Desk,Furniture,5,3499
1317,2023-09-21,Priya Singh,Marker,Stationery,2,35
1318,2023-12-15,Neha Verma,Notebook,Stationery,1,99
1319,2023-06-29,Anjali Chauhan,Headphones,Electronics,2,1299
1320,2023-11-27,Rohit Gupta,Printer,Electronics,3,8999
1321,2023-06-12,Priya Singh,Printer,Electronics,5,8999
1322,2023-05-27,Amit Sharma,Printer,Electronics,3,8999
1323,2023-05-28,Amit Sharma,Notebook,Stationery,3,99
1324,2023-05-26,Rahul Mehta,Laptop,Electronics,4,45999
1325,2023-03-04,Rohit Gupta,Marker,Stationery,1,35
1326,2023-02-18,Rohit Gupta,Printer,Electronics,5,8999
1327,2023-10-10,Anjali Chauhan,Pen,Stationery,4,20
1328,2023-10-30,Anjali Chauhan,Desk,Furniture,4,3499
1329,2023-05-23,Neha Verma,Laptop,Electronics,3,45999
1330,2023-12-08,Anjali Chauhan,Smartphone,Electronics,2,15999
1331,2023-07-02,Neha Verma,Printer,Electronics,4,8999
1332,2023-12-17,Priya Singh,Headphones,Electronics,4,1299
1333,2023-10-06,Rahul Mehta,Smartphone,Electronics,5,15999
1334,2023-07-03,Priya Singh,Chair,Furniture,5,1999
1335,2023-07-01,Amit Sharma,Marker,Stationery,5,35
1336,2023-08-13,Rohit Gupta,Laptop,Electronics,5,45999
1337,2023-11-13,Rohit Gupta,Chair,Furniture,4,1999
1338,2023-07-12,Priya Singh,Laptop,Electronics,4,45999
1339,2023-09-08,Amit Sharma,Printer,Electronics,1,8999
1340,2023-08-16,Rahul Mehta,Headphones,Electronics,3,1299
1341,2023-02-15,Rahul Mehta,Smartphone,Electronics,5,15999
1342,2023-01-21,Rahul Mehta,Notebook,Stationery,2,99
1343,2023-12-21,Rohit Gupta,Pen,Stationery,4,20
1344,2023-02-22,Rahul Mehta,Headphones,Electronics,3,1299
1345,2023-11-28,Priya Singh,Chair,Furniture,2,1999
1346,2023-10-14,Priya Singh,Smartphone,Electronics,2,15999
1347,2023-05-05,Anjali Chauhan,Notebook,Stationery,4,99
1348,2023-03-08,Neha Verma,Pen,Stationery,3,20
1349,2023-03-07,Anjali Chauhan,Pen,Stationery,4,20
1350,2023-10-25,Rohit Gupta,Headphones,Electronics,2,1299
1351,2023-06-12,Rahul Mehta,Headphones,Electronics,5,1299
1352,2023-07-26,Amit Sharma,Laptop,Electronics,4,45999
1353,2023-06-15,Anjali Chauhan,Desk,Furniture,5,3499
1354,2023-07-09,Anjali Chauhan,Marker,Stationery,1,35
1355,2023-12-24,Neha Verma,Mouse,Electronics,4,499
1356,2023-05-26,Rohit Gupta,Pen,Stationery,2,20
1357,2023-12-29,Neha Verma,Marker,Stationery,2,35
1358,2023-01-19,Neha Verma,Printer,Electronics,5,8999
1359,2023-12-14,Rahul Mehta,Headphones,Electronics,4,1299
1360,2023-07-31,Neha Verma,Chair,Furniture,3,1999
1361,2023-11-29,Rohit Gupta,Printer,Electronics,2,8999
1362,2023-12-10,Rohit Gupta,Notebook,Stationery,3,99
1363,2023-08-15,Rahul Mehta,Mouse,Electronics,4,499
1364,2023-08-23,Neha Verma,Mouse,Electronics,4,499
1365,2023-02-02,Rohit Gupta,Pen,Stationery,4,20
1366,2023-07-02,Anjali Chauhan,Headphones,Electronics,4,1299
1367,2023-08-23,Neha Verma,Notebook,Stationery,5,99
1368,2023-12-14,Neha Verma,Notebook,Stationery,1,99
1369,2023-11-30,Amit Sharma,Printer,Electronics,4,8999
1370,2023-03-26,Rahul Mehta,Desk,Furniture,4,3499
1371,2023-08-09,Rahul Mehta,Chair,Furniture,3,1999
1372,2023-10-21,Neha Verma,Printer,Electronics,4,8999
1373,2023-05-05,Rohit Gupta,Smartphone,Electronics,2,15999
1374,2023-10-15,Neha Verma,Smartphone,Electronics,5,15999
1375,2023-06-04,Neha Verma,Chair,Furniture,5,1999
1376,2023-10-01,Priya Singh,Chair,Furniture,1,1999
1377,2023-12-29,Priya Singh,Pen,Stationery,2,20
1378,2023-08-10,Neha Verma,Desk,Furniture,2,3499
1379,2023-10-25,Anjali Chauhan,Smartphone,Electronics,2,15999
1380,2023-08-28,Neha Verma,Pen,Stationery,2,20
1381,2023-10-19,Amit Sharma,Pen,Stationery,1,20
1382,2023-08-15,Amit Sharma,Marker,Stationery,1,35
1383,2023-11-17,Amit Sharma,Pen,Stationery,2,20
1384,2023-06-29,Priya Singh,Pen,Stationery,1,20
1385,2023-11-08,Anjali Chauhan,Laptop,Electronics,4,45999
1386,2023-08-06,Rohit Gupta,Laptop,Electronics,4,45999
1387,2023-02-01,Neha Verma,Notebook,Stationery,5,99
1388,2023-07-31,Neha Verma,Headphones,Electronics,1,1299
1389,2023-03-07,Neha Verma,Notebook,Stationery,5,99
1390,2023-08-21,Anjali Chauhan,Printer,Electronics,5,8999
1391,2023-03-15,Rohit Gupta,Marker,Stationery,2,35
1392,2023-12-29,Rohit Gupta,Printer,Electronics,4,8999
1393,2023-05-05,Anjali Chauhan,Desk,Furniture,4,3499
1394,2023-12-10,Anjali Chauhan,Pen,Stationery,1,20
1395,2023-05-29,Amit Sharma,Mouse,Electronics,4,499
1396,2023-04-29,Amit Sharma,Pen,Stationery,2,20
1397,2023-05-10,Rahul Mehta,Smartphone,Electronics,3,15999
1398,2023-06-30,Neha Verma,Chair,Furniture,4,1999
1399,2023-07-06,Priya Singh,Chair,Furniture,5,1999
1400,2023-04-18,Rohit Gupta,Headphones,Electronics,2,1299
1401,2023-11-22,Amit Sharma,Notebook,Stationery,4,99
1402,2023-05-21,Amit Sharma,Desk,Furniture,2,3499
1403,2023-02-10,Anjali Chauhan,Pen,Stationery,2,20
1404,2023-09-27,Neha Verma,Notebook,Stationery,1,99
1405,2023-07-30,Priya Singh,Smartphone,Electronics,5,15999
1406,2023-10-04,Amit Sharma,Desk,Furniture,5,3499
1407,2023-07-26,Priya Singh,Chair,Furniture,4,1999
1408,2023-09-22,Priya Singh,Pen,Stationery,3,20
1409,2023-03-25,Anjali Chauhan,Headphones,Electronics,3,1299
1410,2023-04-13,Anjali Chauhan,Notebook,Stationery,4,99
1411,2023-12-07,Amit Sharma,Printer,Electronics,4,8999
1412,2023-01-03,Priya Singh,Printer,Electronics,1,8999
1413,2023-10-09,Rohit Gupta,Chair,Furniture,3,1999
1414,2023-12-20,Priya Singh,Headphones,Electronics,4,1299
1415,2023-02-04,Priya Singh,Laptop,Electronics,3,45999
1416,2023-02-28,Anjali Chauhan,Marker,Stationery,2,35
1417,2023-05-20,Neha Verma,Pen,Stationery,4,20
1418,2023-12-19,Amit Sharma,Mouse,Electronics,4,499
1419,2023-03-25,Neha Verma,Marker,Stationery,3,35
1420,2023-09-10,Neha Verma,Headphones,Electronics,1,1299
1421,2023-08-12,Rohit Gupta,Desk,Furniture,4,3499
1422,2023-07-12,Rohit Gupta,Desk,Furniture,5,3499
1423,2023-05-05,Rohit Gupta,Chair,Furniture,4,1999
1424,2023-11-14,Neha Verma,Chair,Furniture,4,1999
1425,2023-04-27,Neha Verma,Pen,Stationery,3,20
1426,2023-05-14,Rahul Mehta,Smartphone,Electronics,5,15999
1427,2023-01-07,Neha Verma,Laptop,Electronics,3,45999
1428,2023-05-06,Amit Sharma,Chair,Furniture,3,1999
1429,2023-03-31,Rohit Gupta,Mouse,Electronics,5,499
1430,2023-03-29,Rahul Mehta,Laptop,Electronics,5,45999
1431,2023-08-18,Anjali Chauhan,Notebook,Stationery,3,99
1432,2023-02-28,Rahul Mehta,Laptop,Electronics,2,45999
1433,2023-03-12,Anjali Chauhan,Mouse,Electronics,5,499
1434,2023-10-28,Amit Sharma,Mouse,Electronics,1,499
1435,2023-07-03,Anjali Chauhan,Printer,Electronics,3,8999
1436,2023-02-06,Neha Verma,Laptop,Electronics,2,45999
1437,2023-12-19,Priya Singh,Printer,Electronics,1,8999
1438,2023-06-11,Neha Verma,Pen,Stationery,5,20
1439,2023-07-16,Rohit Gupta,Chair,Furniture,3,1999
1440,2023-03-10,Amit Sharma,Notebook,Stationery,3,99
1441,2023-06-12,Rohit Gupta,Mouse,Electronics,3,499
1442,2023-11-08,Neha Verma,Laptop,Electronics,4,45999
1443,2023-01-30,Rohit Gupta,Mouse,Electronics,2,499
1444,2023-03-14,Anjali Chauhan,Printer,Electronics,4,8999
1445,2023-05-17,Anjali Chauhan,Desk,Furniture,1,3499
1446,2023-02-10,Amit Sharma,Smartphone,Electronics,4,15999
1447,2023-06-17,Rohit Gupta,Marker,Stationery,3,35
1448,2023-12-28,Neha Verma,Headphones,Electronics,1,1299
1449,2023-07-12,Rohit Gupta,Smartphone,Electronics,4,15999
1450,2023-03-21,Neha Verma,Notebook,Stationery,3,99
1451,2023-06-14,Neha Verma,Notebook,Stationery,2,99
1452,2023-08-13,Priya Singh,Laptop,Electronics,4,45999
1453,2023-04-29,Amit Sharma,Laptop,Electronics,5,45999
1454,2023-07-04,Rahul Mehta,Desk,Furniture,3,3499
1455,2023-02-23,Amit Sharma,Headphones,Electronics,1,1299
1456,2023-01-10,Amit Sharma,Marker,Stationery,2,35
1457,2023-01-01,Rohit Gupta,Headphones,Electronics,1,1299
1458,2023-09-07,Rohit Gupta,Notebook,Stationery,3,99
1459,2023-03-07,Anjali Chauhan,Pen,Stationery,4,20
1460,2023-08-24,Priya Singh,Pen,Stationery,5,20
1461,2023-12-05,Neha Verma,Chair,Furniture,3,1999
1462,2023-06-29,Priya Singh,Smartphone,Electronics,3,15999
1463,2023-02-17,Priya Singh,Smartphone,Electronics,3,15999
1464,2023-02-24,Neha Verma,Notebook,Stationery,3,99
1465,2023-02-09,Priya Singh,Notebook,Stationery,1,99
1466,2023-12-08,Neha Verma,Desk,Furniture,2,3499
1467,2023-10-12,Rohit Gupta,Notebook,Stationery,4,99
1468,2023-08-19,Anjali Chauhan,Printer,Electronics,1,8999
1469,2023-12-18,Rahul Mehta,Smartphone,Electronics,4,15999
1470,2023-02-21,Priya Singh,Printer,Electronics,5,8999
1471,2023-11-20,Rahul Mehta,Pen,Stationery,5,20
1472,2023-07-16,Rohit Gupta,Pen,Stationery,4,20
1473,2023-01-23,Anjali Chauhan,Headphones,Electronics,3,1299
1474,2023-06-04,Anjali Chauhan,Printer,Electronics,4,8999
1475,2023-02-03,Priya Singh,Mouse,Electronics,5,499
1476,2023-04-26,Rohit Gupta,Notebook,Stationery,1,99
1477,2023-07-14,Anjali Chauhan,Chair,Furniture,4,1999
1478,2023-10-11,Rahul Mehta,Printer,Electronics,1,8999
1479,2023-12-30,Rohit Gupta,Printer,Electronics,5,8999
1480,2023-02-26,Rahul Mehta,Notebook,Stationery,1,99
1481,2023-03-04,Priya Singh,Laptop,Electronics,1,45999
1482,2023-04-28,Neha Verma,Notebook,Stationery,2,99
1483,2023-10-26,Neha Verma,Printer,Electronics,1,8999
1484,2023-04-15,Rohit Gupta,Laptop,Electronics,3,45999
1485,2023-12-10,Priya Singh,Chair,Furniture,4,1999
1486,2023-04-07,Rohit Gupta,Chair,Furniture,4,1999
1487,2023-06-19,Amit Sharma,Mouse,Electronics,3,499
1488,2023-11-15,Anjali Chauhan,Marker,Stationery,3,35
1489,2023-09-10,Anjali Chauhan,Laptop,Electronics,2,45999
1490,2023-07-11,Amit Sharma,Notebook,Stationery,1,99
1491,2023-06-14,Rahul Mehta,Printer,Electronics,4,8999
1492,2023-05-16,Anjali Chauhan,Desk,Furniture,3,3499
1493,2023-02-19,Anjali Chauhan,Laptop,Electronics,1,45999
1494,2023-10-23,Rahul Mehta,Headphones,Electronics,2,1299
1495,2023-05-20,Priya Singh,Notebook,Stationery,3,99
1496,2023-01-29,Amit Sharma,Marker,Stationery,3,35
1497,2023-07-11,Neha Verma,Desk,Furniture,4,3499
1498,2023-07-02,Anjali Chauhan,Marker,Stationery,3,35
1499,2023-03-17,Rahul Mehta,Notebook,Stationery,3,99
1500,2023-12-25,Neha Verma,Desk,Furniture,4,3499
1501,2023-02-26,Anjali Chauhan,Headphones,Electronics,2,1299
1502,2023-09-29,Neha Verma,Smartphone,Electronics,4,15999
1503,2023-03-07,Neha Verma,Marker,Stationery,3,35
1504,2023-11-13,Rohit Gupta,Notebook,Stationery,1,99
1505,2023-11-16,Rahul Mehta,Pen,Stationery,1,20
1506,2023-10-03,Anjali Chauhan,Printer,Electronics,4,8999
1507,2023-10-29,Amit Sharma,Printer,Electronics,4,8999
1508,2023-10-30,Anjali Chauhan,Marker,Stationery,4,35
1509,2023-04-12,Neha Verma,Mouse,Electronics,1,499
1510,2023-11-10,Rohit Gupta,Smartphone,Electronics,1,15999
1511,2023-03-24,Anjali Chauhan,Printer,Electronics,5,8999
1512,2023-02-25,Neha Verma,Headphones,Electronics,3,1299
1513,2023-03-30,Amit Sharma,Desk,Furniture,2,3499
1514,2023-02-04,Rahul Mehta,Chair,Furniture,3,1999
1515,2023-08-07,Rahul Mehta,Smartphone,Electronics,4,15999
1516,2023-09-10,Rohit Gupta,Chair,Furniture,5,1999
1517,2023-12-28,Rohit Gupta,Desk,Furniture,2,3499
1518,2023-10-02,Priya Singh,Desk,Furniture,2,3499
1519,2023-04-05,Rohit Gupta,Laptop,Electronics,4,45999
1520,2023-03-03,Priya Singh,Notebook,Stationery,2,99
1521,2023-05-06,Neha Verma,Pen,Stationery,2,20
1522,2023-04-23,Rohit Gupta,Printer,Electronics,3,8999
1523,2023-10-29,Amit Sharma,Printer,Electronics,2,8999
1524,2023-09-05,Priya Singh,Headphones,Electronics,4,1299
1525,2023-02-04,Neha Verma,Chair,Furniture,2,1999
1526,2023-10-02,Rahul Mehta,Smartphone,Electronics,5,15999
1527,2023-02-23,Rahul Mehta,Headphones,Electronics,4,1299
1528,2023-06-13,Amit Sharma,Marker,Stationery,2,35
1529,2023-09-12,Anjali Chauhan,Pen,Stationery,1,20
1530,2023-11-19,Neha Verma,Mouse,Electronics,2,499
1531,2023-09-28,Amit Sharma,Mouse,Electronics,3,499
1532,2023-09-06,Neha Verma,Printer,Electronics,4,8999
1533,2023-05-26,Anjali Chauhan,Notebook,Stationery,5,99
1534,2023-10-18,Neha Verma,Printer,Electronics,5,8999
1535,2023-12-25,Anjali Chauhan,Mouse,Electronics,3,499
1536,2023-09-29,Rohit Gupta,Notebook,Stationery,2,99
1537,2023-12-24,Anjali Chauhan,Chair,Furniture,4,1999
1538,2023-03-22,Anjali Chauhan,Chair,Furniture,2,1999
1539,2023-12-22,Amit Sharma,Pen,Stationery,5,20
1540,2023-08-22,Priya Singh,Laptop,Electronics,3,45999
1541,2023-10-27,Rahul Mehta,Pen,Stationery,1,20
1542,2023-12-02,Priya Singh,Smartphone,Electronics,2,15999
1543,2023-09-19,Rohit Gupta,Notebook,Stationery,2,99
1544,2023-04-16,Anjali Chauhan,Notebook,Stationery,3,99
1545,2023-02-20,Anjali Chauhan,Desk,Furniture,2,3499
1546,2023-01-19,Rahul Mehta,Notebook,Stationery,3,99
1547,2023-07-13,Neha Verma,Marker,Stationery,5,35
1548,2023-10-31,Anjali Chauhan,Desk,Furniture,5,3499
1549,2023-12-26,Amit Sharma,Marker,Stationery,1,35
1550,2023-08-02,Rohit Gupta,Mouse,Electronics,3,499
1551,2023-08-30,Amit Sharma,Marker,Stationery,5,35
1552,2023-11-20,Neha Verma,Chair,Furniture,3,1999
1553,2023-03-10,Neha Verma,Headphones,Electronics,4,1299
1554,2023-08-17,Neha Verma,Printer,Electronics,3,8999
1555,2023-03-06,Anjali Chauhan,Printer,Electronics,5,8999
1556,2023-08-24,Rohit Gupta,Desk,Furniture,4,3499
1557,2023-10-22,Amit Sharma,Mouse,Electronics,2,499
1558,2023-10-23,Rahul Mehta,Pen,Stationery,1,20
1559,2023-02-17,Priya Singh,Laptop,Electronics,3,45999
1560,2023-09-18,Priya Singh,Laptop,Electronics,1,45999
1561,2023-04-27,Rohit Gupta,Laptop,Electronics,2,45999
1562,2023-06-27,Priya Singh,Pen,Stationery,2,20
1563,2023-02-19,Rahul Mehta,Laptop,Electronics,1,45999
1564,2023-02-14,Amit Sharma,Chair,Furniture,3,1999
1565,2023-12-16,Priya Singh,Printer,Electronics,2,8999
1566,2023-04-16,Anjali Chauhan,Marker,Stationery,2,35
1567,2023-03-14,Amit Sharma,Headphones,Electronics,3,1299
1568,2023-12-16,Amit Sharma,Mouse,Electronics,5,499
1569,2023-09-10,Priya Singh,Smartphone,Electronics,5,15999
1570,2023-06-20,Rahul Mehta,Chair,Furniture,1,1999
1571,2023-06-27,Rohit Gupta,Desk,Furniture,3,3499
1572,2023-08-10,Rahul Mehta,Marker,Stationery,3,35
1573,2023-07-13,Neha Verma,Mouse,Electronics,5,499
1574,2023-08-29,Amit Sharma,Smartphone,Electronics,5,15999
1575,2023-08-18,Anjali Chauhan,Headphones,Electronics,4,1299
1576,2023-05-21,Neha Verma,Marker,Stationery,2,35
1577,2023-04-22,Rohit Gupta,Pen,Stationery,2,20
1578,2023-04-09,Anjali Chauhan,Smartphone,Electronics,1,15999
1579,2023-07-23,Rahul Mehta,Chair,Furniture,2,1999
1580,2023-07-19,Rohit Gupta,Notebook,Stationery,1,99
1581,2023-11-13,Neha Verma,Notebook,Stationery,1,99
1582,2023-04-07,Priya Singh,Notebook,Stationery,2,99
1583,2023-12-31,Rohit Gupta,Notebook,Stationery,4,99
1584,2023-02-27,Anjali Chauhan,Headphones,Electronics,3,1299
1585,2023-08-07,Rohit Gupta,Chair,Furniture,4,1999
1586,2023-07-23,Neha Verma,Printer,Electronics,1,8999
1587,2023-07-25,Neha Verma,Notebook,Stationery,4,99
1588,2023-08-04,Rohit Gupta,Chair,Furniture,1,1999
1589,2023-12-19,Rohit Gupta,Smartphone,Electronics,2,15999
1590,2023-09-21,Neha Verma,Notebook,Stationery,5,99
1591,2023-12-18,Rahul Mehta,Smartphone,Electronics,2,15999
1592,2023-02-11,Neha Verma,Mouse,Electronics,2,499
1593,2023-05-01,Rahul Mehta,Notebook,Stationery,5,99
1594,2023-06-03,Amit Sharma,Smartphone,Electronics,5,15999
1595,2023-04-10,Rohit Gupta,Headphones,Electronics,3,1299
1596,2023-10-19,Anjali Chauhan,Marker,Stationery,4,35
1597,2023-01-18,Rahul Mehta,Laptop,Electronics,5,45999
1598,2023-08-20,Anjali Chauhan,Mouse,Electronics,2,499
1599,2023-06-16,Amit Sharma,Smartphone,Electronics,5,15999
1600,2023-05-02,Rahul Mehta,Laptop,Electronics,5,45999
1601,2023-01-03,Neha Verma,Chair,Furniture,1,1999
1602,2023-08-13,Rohit Gupta,Pen,Stationery,4,20
1603,2023-04-25,Rahul Mehta,Smartphone,Electronics,3,15999
1604,2023-04-05,Priya Singh,Smartphone,Electronics,1,15999
1605,2023-12-24,Rohit Gupta,Notebook,Stationery,3,99
1606,2023-06-15,Amit Sharma,Headphones,Electronics,5,1299
1607,2023-03-23,Rahul Mehta,Mouse,Electronics,1,499
1608,2023-05-21,Rohit Gupta,Notebook,Stationery,3,99
1609,2023-04-20,Amit Sharma,Pen,Stationery,3,20
1610,2023-05-02,Rahul Mehta,Chair,Furniture,4,1999
1611,2023-11-29,Anjali Chauhan,Mouse,Electronics,1,499
1612,2023-01-05,Amit Sharma,Marker,Stationery,4,35
1613,2023-11-28,Rahul Mehta,Notebook,Stationery,4,99
1614,2023-03-25,Rahul Mehta,Smartphone,Electronics,3,15999
1615,2023-09-25,Anjali Chauhan,Notebook,Stationery,2,99
1616,2023-07-10,Rahul Mehta,Pen,Stationery,4,20
1617,2023-07-31,Rohit Gupta,Desk,Furniture,4,3499
1618,2023-05-07,Rahul Mehta,Headphones,Electronics,5,1299
1619,2023-10-30,Neha Verma,Desk,Furniture,5,3499
1620,2023-01-07,Priya Singh,Chair,Furniture,2,1999
1621,2023-08-31,Neha Verma,Marker,Stationery,2,35
1622,2023-07-23,Priya Singh,Headphones,Electronics,4,1299
1623,2023-03-04,Rahul Mehta,Printer,Electronics,5,8999
1624,2023-08-16,Neha Verma,Smartphone,Electronics,5,15999
1625,2023-03-18,Anjali Chauhan,Mouse,Electronics,4,499
1626,2023-06-04,Amit Sharma,Chair,Furniture,5,1999
1627,2023-12-07,Amit Sharma,Smartphone,Electronics,3,15999
1628,2023-11-27,Anjali Chauhan,Smartphone,Electronics,2,15999
1629,2023-07-08,Neha Verma,Pen,Stationery,3,20
1630,2023-02-26,Neha Verma,Notebook,Stationery,3,99
1631,2023-05-07,Amit Sharma,Marker,Stationery,5,35
1632,2023-06-27,Amit Sharma,Desk,Furniture,2,3499
1633,2023-10-16,Rahul Mehta,Pen,Stationery,5,20
1634,2023-10-09,Neha Verma,Printer,Electronics,2,8999
1635,2023-09-11,Priya Singh,Laptop,Electronics,5,45999
1636,2023-12-12,Rahul Mehta,Laptop,Electronics,5,45999
1637,2023-04-29,Priya Singh,Mouse,Electronics,2,499
1638,2023-04-30,Anjali Chauhan,Chair,Furniture,4,1999
1639,2023-01-23,Anjali Chauhan,Chair,Furniture,2,1999
1640,2023-12-25,Rahul Mehta,Printer,Electronics,3,8999
1641,2023-12-16,Neha Verma,Desk,Furniture,5,3499
1642,2023-06-04,Anjali Chauhan,Smartphone,Electronics,4,15999
1643,2023-12-22,Anjali Chauhan,Mouse,Electronics,3,499
1644,2023-09-30,Amit Sharma,Pen,Stationery,2,20
1645,2023-08-28,Neha Verma,Laptop,Electronics,3,45999
1646,2023-04-13,Neha Verma,Mouse,Electronics,2,499
1647,2023-09-10,Amit Sharma,Printer,Electronics,5,8999
1648,2023-01-14,Amit Sharma,Printer,Electronics,4,8999
1649,2023-06-20,Rahul Mehta,Notebook,Stationery,3,99
1650,2023-03-26,Neha Verma,Smartphone,Electronics,5,15999
1651,2023-10-23,Amit Sharma,Printer,Electronics,1,8999
1652,2023-11-16,Anjali Chauhan,Notebook,Stationery,1,99
1653,2023-04-25,Neha Verma,Marker,Stationery,4,35
1654,2023-05-09,Amit Sharma,Mouse,Electronics,4,499
1655,2023-10-10,Rahul Mehta,Marker,Stationery,3,35
1656,2023-04-25,Amit Sharma,Mouse,Electronics,3,499
1657,2023-07-05,Rohit Gupta,Mouse,Electronics,2,499
1658,2023-08-28,Priya Singh,Smartphone,Electronics,5,15999
1659,2023-07-01,Neha Verma,Notebook,Stationery,3,99
1660,2023-06-15,Priya Singh,Printer,Electronics,2,8999
1661,2023-10-27,Anjali Chauhan,Smartphone,Electronics,4,15999
1662,2023-04-23,Priya Singh,Desk,Furniture,5,3499
1663,2023-04-04,Anjali Chauhan,Laptop,Electronics,2,45999
1664,2023-05-19,Rohit Gupta,Desk,Furniture,4,3499
1665,2023-01-28,Priya Singh,Smartphone,Electronics,2,15999
1666,2023-08-21,Rohit Gupta,Notebook,Stationery,1,99
1667,2023-09-21,Anjali Chauhan,Pen,Stationery,5,20
1668,2023-09-25,Rahul Mehta,Headphones,Electronics,2,1299
1669,2023-03-27,Rahul Mehta,Headphones,Electronics,3,1299
1670,2023-04-25,Rohit Gupta,Headphones,Electronics,2,1299
1671,2023-12-20,Anjali Chauhan,Mouse,Electronics,1,499
1672,2023-10-12,Neha Verma,Chair,Furniture,2,1999
1673,2023-09-23,Amit Sharma,Chair,Furniture,3,1999
1674,2023-11-28,Rohit Gupta,Desk,Furniture,5,3499
1675,2023-05-28,Neha Verma,Notebook,Stationery,1,99
1676,2023-12-19,Amit Sharma,Pen,Stationery,1,20
1677,2023-01-28,Neha Verma,Marker,Stationery,1,35
1678,2023-04-24,Priya Singh,Laptop,Electronics,5,45999
1679,2023-03-28,Amit Sharma,Laptop,Electronics,2,45999
1680,2023-07-25,Priya Singh,Laptop,Electronics,2,45999
1681,2023-03-09,Anjali Chauhan,Pen,Stationery,1,20
1682,2023-10-25,Amit Sharma,Mouse,Electronics,1,499
1683,2023-10-30,Priya Singh,Mouse,Electronics,4,499
1684,2023-07-16,Priya Singh,Chair,Furniture,3,1999
1685,2023-07-29,Rahul Mehta,Laptop,Electronics,1,45999
1686,2023-01-27,Rohit Gupta,Mouse,Electronics,4,499
1687,2023-08-19,Neha Verma,Desk,Furniture,4,3499
1688,2023-11-23,Priya Singh,Printer,Electronics,5,8999
1689,2023-04-03,Priya Singh,Marker,Stationery,2,35
1690,2023-11-26,Anjali Chauhan,Notebook,Stationery,3,99
1691,2023-11-04,Priya Singh,Laptop,Electronics,4,45999
1692,2023-12-06,Rahul Mehta,Laptop,Electronics,2,45999
1693,2023-09-25,Priya Singh,Mouse,Electronics,3,499
1694,2023-05-26,Anjali Chauhan,Chair,Furniture,5,1999
1695,2023-12-13,Neha Verma,Desk,Furniture,4,3499
1696,2023-10-31,Priya Singh,Chair,Furniture,5,1999
1697,2023-12-12,Priya Singh,Printer,Electronics,5,8999
1698,2023-10-12,Neha Verma,Printer,Electronics,4,8999
1699,2023-07-08,Neha Verma,Notebook,Stationery,5,99
1700,2023-11-19,Amit Sharma,Pen,Stationery,2,20
1701,2023-06-09,Priya Singh,Notebook,Stationery,2,99
1702,2023-11-24,Priya Singh,Printer,Electronics,4,8999
1703,2023-04-09,Neha Verma,Notebook,Stationery,4,99
1704,2023-07-23,Amit Sharma,Marker,Stationery,5,35
1705,2023-05-28,Rahul Mehta,Chair,Furniture,2,1999
1706,2023-02-02,Rahul Mehta,Notebook,Stationery,5,99
1707,2023-01-07,Priya Singh,Smartphone,Electronics,1,15999
1708,2023-05-28,Amit Sharma,Notebook,Stationery,3,99
1709,2023-05-04,Neha Verma,Smartphone,Electronics,1,15999
1710,2023-02-06,Amit Sharma,Desk,Furniture,3,3499
1711,2023-11-08,Amit Sharma,Headphones,Electronics,5,1299
1712,2023-11-23,Neha Verma,Notebook,Stationery,3,99
1713,2023-02-22,Rahul Mehta,Mouse,Electronics,2,499
1714,2023-02-22,Neha Verma,Notebook,Stationery,2,99
1715,2023-02-07,Rahul Mehta,Marker,Stationery,5,35
1716,2023-05-09,Rohit Gupta,Chair,Furniture,1,1999
1717,2023-06-19,Priya Singh,Laptop,Electronics,1,45999
1718,2023-05-18,Rohit Gupta,Marker,Stationery,3,35
1719,2023-06-17,Neha Verma,Marker,Stationery,5,35
1720,2023-01-23,Anjali Chauhan,Laptop,Electronics,2,45999
1721,2023-08-11,Amit Sharma,Pen,Stationery,5,20
1722,2023-04-28,Neha Verma,Marker,Stationery,3,35
1723,2023-11-30,Neha Verma,Desk,Furniture,5,3499
1724,2023-01-27,Anjali Chauhan,Headphones,Electronics,2,1299
1725,2023-07-19,Amit Sharma,Chair,Furniture,4,1999
1726,2023-08-26,Neha Verma,Headphones,Electronics,4,1299
1727,2023-01-27,Priya Singh,Desk,Furniture,5,3499
1728,2023-01-09,Rahul Mehta,Desk,Furniture,4,3499
1729,2023-02-01,Neha Verma,Mouse,Electronics,1,499
1730,2023-09-29,Priya Singh,Printer,Electronics,2,8999
1731,2023-09-06,Amit Sharma,Printer,Electronics,2,8999
1732,2023-10-24,Amit Sharma,Laptop,Electronics,1,45999
1733,2023-09-20,Neha Verma,Headphones,Electronics,3,1299
1734,2023-01-30,Neha Verma,Pen,Stationery,5,20
1735,2023-09-14,Neha Verma,Chair,Furniture,5,1999
1736,2023-06-19,Neha Verma,Desk,Furniture,5,3499
1737,2023-02-27,Rahul Mehta,Headphones,Electronics,3,1299
1738,2023-08-06,Rohit Gupta,Printer,Electronics,4,8999
1739,2023-06-07,Amit Sharma,Notebook,Stationery,1,99
1740,2023-05-26,Amit Sharma,Mouse,Electronics,4,499
1741,2023-06-05,Anjali Chauhan,Headphones,Electronics,2,1299
1742,2023-10-06,Amit Sharma,Headphones,Electronics,1,1299
1743,2023-03-13,Amit Sharma,Notebook,Stationery,1,99
1744,2023-05-12,Amit Sharma,Chair,Furniture,2,1999
1745,2023-11-03,Priya Singh,Desk,Furniture,2,3499
1746,2023-11-09,Amit Sharma,Desk,Furniture,5,3499
1747,2023-01-17,Amit Sharma,Marker,Stationery,5,35
1748,2023-09-10,Neha Verma,Laptop,Electronics,3,45999
1749,2023-06-24,Neha Verma,Laptop,Electronics,5,45999
1750,2023-03-09,Neha Verma,Notebook,Stationery,5,99
1751,2023-09-08,Anjali Chauhan,Notebook,Stationery,4,99
1752,2023-03-13,Anjali Chauhan,Laptop,Electronics,5,45999
1753,2023-08-06,Priya Singh,Smartphone,Electronics,4,15999
1754,2023-07-10,Neha Verma,Chair,Furniture,4,1999
1755,2023-11-12,Rahul Mehta,Chair,Furniture,4,1999
1756,2023-11-18,Priya Singh,Headphones,Electronics,4,1299
1757,2023-05-28,Rohit Gupta,Chair,Furniture,4,1999
1758,2023-08-08,Neha Verma,Smartphone,Electronics,3,15999
1759,2023-03-19,Rahul Mehta,Printer,Electronics,2,8999
1760,2023-11-25,Amit Sharma,Notebook,Stationery,4,99
1761,2023-07-15,Priya Singh,Laptop,Electronics,4,45999
1762,2023-07-16,Amit Sharma,Headphones,Electronics,3,1299
1763,2023-12-18,Amit Sharma,Headphones,Electronics,3,1299
1764,2023-04-17,Priya Singh,Printer,Electronics,3,8999
1765,2023-04-09,Amit Sharma,Pen,Stationery,3,20
1766,2023-11-26,Priya Singh,Laptop,Electronics,5,45999
1767,2023-05-28,Neha Verma,Mouse,Electronics,1,499
1768,2023-07-12,Neha Verma,Smartphone,Electronics,3,15999
1769,2023-05-24,Amit Sharma,Pen,Stationery,4,20
1770,2023-09-28,Anjali Chauhan,Pen,Stationery,1,20
1771,2023-01-26,Rahul Mehta,Pen,Stationery,3,20
1772,2023-02-28,Anjali Chauhan,Chair,Furniture,3,1999
1773,2023-09-28,Neha Verma,Mouse,Electronics,2,499
1774,2023-05-13,Amit Sharma,Pen,Stationery,5,20
1775,2023-01-02,Rahul Mehta,Pen,Stationery,4,20
1776,2023-07-31,Anjali Chauhan,Headphones,Electronics,5,1299
1777,2023-11-26,Amit Sharma,Printer,Electronics,3,8999
1778,2023-02-20,Neha Verma,Laptop,Electronics,5,45999
1779,2023-08-21,Anjali Chauhan,Headphones,Electronics,5,1299
1780,2023-05-01,Rahul Mehta,Chair,Furniture,3,1999
1781,2023-05-08,Rohit Gupta,Desk,Furniture,1,3499
1782,2023-10-22,Rahul Mehta,Chair,Furniture,5,1999
1783,2023-12-30,Amit Sharma,Chair,Furniture,5,1999
1784,2023-12-31,Anjali Chauhan,Mouse,Electronics,2,499
1785,2023-09-12,Rohit Gupta,Smartphone,Electronics,4,15999
1786,2023-12-27,Priya Singh,Marker,Stationery,3,35
1787,2023-06-07,Neha Verma,Laptop,Electronics,5,45999
1788,2023-07-10,Rohit Gupta,Headphones,Electronics,4,1299
1789,2023-05-24,Priya Singh,Headphones,Electronics,3,1299
1790,2023-07-24,Neha Verma,Laptop,Electronics,5,45999
1791,2023-07-04,Anjali Chauhan,Pen,Stationery,3,20
1792,2023-05-14,Anjali Chauhan,Laptop,Electronics,5,45999
1793,2023-10-13,Anjali Chauhan,Headphones,Electronics,3,1299
1794,2023-10-05,Amit Sharma,Notebook,Stationery,5,99
1795,2023-01-05,Rohit Gupta,Marker,Stationery,3,35
1796,2023-06-25,Priya Singh,Notebook,Stationery,2,99
1797,2023-12-03,Rahul Mehta,Headphones,Electronics,3,1299
1798,2023-04-29,Priya Singh,Headphones,Electronics,5,1299
1799,2023-01-23,Rohit Gupta,Marker,Stationery,4,35
1800,2023-05-11,Neha Verma,Marker,Stationery,1,35
1801,2023-11-15,Amit Sharma,Marker,Stationery,1,35
1802,2023-12-19,Rohit Gupta,Laptop,Electronics,1,45999
1803,2023-09-05,Amit Sharma,Chair,Furniture,2,1999
1804,2023-03-22,Rahul Mehta,Laptop,Electronics,5,45999
1805,2023-01-03,Priya Singh,Marker,Stationery,2,35
1806,2023-09-10,Priya Singh,Pen,Stationery,3,20
1807,2023-05-22,Rohit Gupta,Marker,Stationery,2,35
1808,2023-07-27,Anjali Chauhan,Headphones,Electronics,4,1299
1809,2023-08-14,Rohit Gupta,Pen,Stationery,1,20
1810,2023-02-16,Anjali Chauhan,Desk,Furniture,2,3499
1811,2023-03-12,Anjali Chauhan,Marker,Stationery,5,35
1812,2023-03-04,Priya Singh,Pen,Stationery,1,20
1813,2023-06-03,Neha Verma,Marker,Stationery,1,35
1814,2023-10-28,Amit Sharma,Smartphone,Electronics,2,15999
1815,2023-08-17,Neha Verma,Notebook,Stationery,4,99
1816,2023-01-14,Amit Sharma,Laptop,Electronics,2,45999
1817,2023-09-24,Amit Sharma,Pen,Stationery,5,20
1818,2023-09-18,Neha Verma,Laptop,Electronics,1,45999
1819,2023-04-20,Rohit Gupta,Marker,Stationery,3,35
1820,2023-07-20,Rahul Mehta,Laptop,Electronics,1,45999
1821,2023-08-20,Anjali Chauhan,Marker,Stationery,5,35
1822,2023-08-16,Neha Verma,Laptop,Electronics,2,45999
1823,2023-04-17,Rohit Gupta,Notebook,Stationery,5,99
1824,2023-04-16,Anjali Chauhan,Marker,Stationery,5,35
1825,2023-01-15,Anjali Chauhan,Laptop,Electronics,4,45999
1826,2023-12-03,Neha Verma,Pen,Stationery,3,20
1827,2023-05-20,Priya Singh,Headphones,Electronics,1,1299
1828,2023-06-04,Rahul Mehta,Smartphone,Electronics,4,15999
1829,2023-12-01,Rohit Gupta,Headphones,Electronics,3,1299
1830,2023-08-29,Rohit Gupta,Desk,Furniture,1,3499
1831,2023-08-14,Anjali Chauhan,Laptop,Electronics,4,45999
1832,2023-05-19,Amit Sharma,Chair,Furniture,5,1999
1833,2023-07-23,Amit Sharma,Laptop,Electronics,3,45999
1834,2023-12-22,Anjali Chauhan,Printer,Electronics,3,8999
1835,2023-01-19,Neha Verma,Headphones,Electronics,4,1299
1836,2023-04-15,Anjali Chauhan,Printer,Electronics,1,8999
1837,2023-06-13,Neha Verma,Smartphone,Electronics,3,15999
1838,2023-02-20,Rahul Mehta,Mouse,Electronics,4,499
1839,2023-10-26,Amit Sharma,Chair,Furniture,2,1999
1840,2023-01-12,Rahul Mehta,Mouse,Electronics,3,499
1841,2023-11-28,Rohit Gupta,Laptop,Electronics,2,45999
1842,2023-10-11,Rahul Mehta,Pen,Stationery,5,20
1843,2023-09-08,Rohit Gupta,Mouse,Electronics,4,499
1844,2023-01-24,Amit Sharma,Marker,Stationery,4,35
1845,2023-12-26,Anjali Chauhan,Laptop,Electronics,4,45999
1846,2023-04-03,Priya Singh,Headphones,Electronics,5,1299
1847,2023-03-03,Neha Verma,Marker,Stationery,4,35
1848,2023-06-27,Neha Verma,Chair,Furniture,5,1999
1849,2023-10-14,Amit Sharma,Smartphone,Electronics,3,15999
1850,2023-04-14,Rahul Mehta,Pen,Stationery,4,20
1851,2023-01-28,Rohit Gupta,Printer,Electronics,4,8999
1852,2023-08-04,Priya Singh,Laptop,Electronics,4,45999
1853,2023-07-23,Amit Sharma,Smartphone,Electronics,1,15999
1854,2023-12-05,Anjali Chauhan,Printer,Electronics,3,8999
1855,2023-05-01,Priya Singh,Headphones,Electronics,4,1299
1856,2023-03-13,Priya Singh,Notebook,Stationery,2,99
1857,2023-04-04,Neha Verma,Mouse,Electronics,1,499
1858,2023-08-24,Rohit Gupta,Smartphone,Electronics,2,15999
1859,2023-04-06,Rohit Gupta,Mouse,Electronics,4,499
1860,2023-02-08,Priya Singh,Smartphone,Electronics,5,15999
1861,2023-04-03,Priya Singh,Headphones,Electronics,3,1299
1862,2023-10-05,Anjali Chauhan,Laptop,Electronics,4,45999
1863,2023-07-03,Rahul Mehta,Marker,Stationery,5,35
1864,2023-10-12,Amit Sharma,Mouse,Electronics,1,499
1865,2023-10-16,Rahul Mehta,Headphones,Electronics,3,1299
1866,2023-08-22,Amit Sharma,Desk,Furniture,1,3499
1867,2023-07-13,Rohit Gupta,Headphones,Electronics,2,1299
1868,2023-06-28,Rohit Gupta,Pen,Stationery,1,20
1869,2023-04-11,Neha Verma,Chair,Furniture,5,1999
1870,2023-12-02,Priya Singh,Desk,Furniture,5,3499
1871,2023-06-11,Rohit Gupta,Smartphone,Electronics,2,15999
1872,2023-03-04,Priya Singh,Chair,Furniture,1,1999
1873,2023-09-15,Rahul Mehta,Smartphone,Electronics,3,15999
1874,2023-05-22,Anjali Chauhan,Mouse,Electronics,1,499
1875,2023-11-05,Priya Singh,Headphones,Electronics,4,1299
1876,2023-07-09,Neha Verma,Marker,Stationery,1,35
1877,2023-02-18,Neha Verma,Pen,Stationery,2,20
1878,2023-11-18,Rahul Mehta,Headphones,Electronics,5,1299
1879,2023-05-14,Amit Sharma,Mouse,Electronics,2,499
1880,2023-03-12,Neha Verma,Chair,Furniture,3,1999
1881,2023-05-13,Rahul Mehta,Laptop,Electronics,1,45999
1882,2023-02-15,Rahul Mehta,Headphones,Electronics,5,1299
1883,2023-07-06,Neha Verma,Laptop,Electronics,2,45999
1884,2023-10-26,Priya Singh,Pen,Stationery,1,20
1885,2023-07-19,Rahul Mehta,Printer,Electronics,2,8999
1886,2023-10-18,Rahul Mehta,Marker,Stationery,1,35
1887,2023-11-24,Amit Sharma,Headphones,Electronics,3,1299
1888,2023-10-22,Neha Verma,Laptop,Electronics,4,45999
1889,2023-05-10,Amit Sharma,Desk,Furniture,4,3499
1890,2023-04-15,Neha Verma,Smartphone,Electronics,3,15999
1891,2023-09-30,Rohit Gupta,Laptop,Electronics,3,45999
1892,2023-09-26,Rohit Gupta,Smartphone,Electronics,1,15999
1893,2023-03-22,Neha Verma,Mouse,Electronics,4,499
1894,2023-08-27,Neha Verma,Notebook,Stationery,2,99
1895,2023-11-04,Rohit Gupta,Mouse,Electronics,4,499
1896,2023-10-19,Rahul Mehta,Headphones,Electronics,4,1299
1897,2023-05-01,Anjali Chauhan,Mouse,Electronics,4,499
1898,2023-01-03,Rahul Mehta,Headphones,Electronics,4,1299
1899,2023-07-13,Priya Singh,Notebook,Stationery,2,99
1900,2023-02-27,Amit Sharma,Printer,Electronics,2,8999
1901,2023-04-09,Anjali Chauhan,Printer,Electronics,4,8999
1902,2023-10-19,Priya Singh,Laptop,Electronics,3,45999
1903,2023-11-04,Neha Verma,Smartphone,Electronics,3,15999
1904,2023-08-13,Priya Singh,Headphones,Electronics,2,1299
1905,2023-06-22,Priya Singh,Pen,Stationery,3,20
1906,2023-06-26,Anjali Chauhan,Printer,Electronics,5,8999
1907,2023-10-30,Amit Sharma,Desk,Furniture,2,3499
1908,2023-07-08,Rahul Mehta,Pen,Stationery,2,20
1909,2023-05-08,Neha Verma,Notebook,Stationery,2,99
1910,2023-05-23,Neha Verma,Printer,Electronics,5,8999
1911,2023-08-03,Neha Verma,Notebook,Stationery,5,99
1912,2023-02-22,Amit Sharma,Smartphone,Electronics,5,15999
1913,2023-09-11,Amit Sharma,Chair,Furniture,5,1999
1914,2023-09-01,Rahul Mehta,Laptop,Electronics,5,45999
1915,2023-12-24,Rohit Gupta,Chair,Furniture,2,1999
1916,2023-04-24,Anjali Chauhan,Mouse,Electronics,2,499
1917,2023-11-06,Neha Verma,Desk,Furniture,1,3499
1918,2023-12-27,Rohit Gupta,Headphones,Electronics,2,1299
1919,2023-10-05,Neha Verma,Desk,Furniture,2,3499
1920,2023-06-26,Rohit Gupta,Desk,Furniture,3,3499
1921,2023-10-17,Neha Verma,Chair,Furniture,1,1999
1922,2023-10-26,Rohit Gupta,Mouse,Electronics,4,499
1923,2023-11-13,Neha Verma,Laptop,Electronics,4,45999
1924,2023-07-15,Anjali Chauhan,Printer,Electronics,5,8999
1925,2023-11-14,Priya Singh,Marker,Stationery,5,35
1926,2023-07-26,Neha Verma,Notebook,Stationery,4,99
1927,2023-04-13,Neha Verma,Marker,Stationery,1,35
1928,2023-08-10,Anjali Chauhan,Pen,Stationery,5,20
1929,2023-01-05,Anjali Chauhan,Pen,Stationery,1,20
1930,2023-11-06,Priya Singh,Desk,Furniture,1,3499
1931,2023-07-07,Rohit Gupta,Mouse,Electronics,3,499
1932,2023-05-09,Priya Singh,Mouse,Electronics,4,499
1933,2023-02-16,Rohit Gupta,Pen,Stationery,5,20
1934,2023-03-17,Rahul Mehta,Marker,Stationery,1,35
1935,2023-07-14,Rohit Gupta,Desk,Furniture,1,3499
1936,2023-10-11,Rohit Gupta,Printer,Electronics,5,8999
1937,2023-10-15,Anjali Chauhan,Smartphone,Electronics,3,15999
1938,2023-06-18,Rohit Gupta,Pen,Stationery,3,20
1939,2023-09-23,Rahul Mehta,Mouse,Electronics,4,499
1940,2023-12-14,Rahul Mehta,Printer,Electronics,5,8999
1941,2023-09-13,Priya Singh,Mouse,Electronics,2,499
1942,2023-01-02,Amit Sharma,Notebook,Stationery,2,99
1943,2023-12-26,Anjali Chauhan,Marker,Stationery,3,35
1944,2023-07-12,Priya Singh,Smartphone,Electronics,5,15999
1945,2023-10-17,Rohit Gupta,Pen,Stationery,3,20
1946,2023-08-30,Amit Sharma,Chair,Furniture,4,1999
1947,2023-08-29,Amit Sharma,Notebook,Stationery,5,99
1948,2023-05-22,Neha Verma,Desk,Furniture,2,3499
1949,2023-09-06,Anjali Chauhan,Laptop,Electronics,5,45999
1950,2023-09-22,Neha Verma,Laptop,Electronics,2,45999
1951,2023-02-28,Rahul Mehta,Desk,Furniture,5,3499
1952,2023-08-25,Priya Singh,Notebook,Stationery,5,99
1953,2023-03-28,Rahul Mehta,Pen,Stationery,4,20
1954,2023-12-21,Priya Singh,Notebook,Stationery,2,99
1955,2023-02-22,Neha Verma,Headphones,Electronics,3,1299
1956,2023-07-17,Rahul Mehta,Marker,Stationery,2,35
1957,2023-10-29,Rahul Mehta,Headphones,Electronics,5,1299
1958,2023-09-16,Rahul Mehta,Pen,Stationery,5,20
1959,2023-08-25,Rahul Mehta,Chair,Furniture,1,1999
1960,2023-08-09,Amit Sharma,Smartphone,Electronics,3,15999
1961,2023-05-05,Anjali Chauhan,Headphones,Electronics,3,1299
1962,2023-04-21,Priya Singh,Headphones,Electronics,4,1299
1963,2023-03-08,Priya Singh,Pen,Stationery,5,20
1964,2023-06-27,Priya Singh,Chair,Furniture,4,1999
1965,2023-07-27,Rohit Gupta,Mouse,Electronics,4,499
1966,2023-03-27,Amit Sharma,Headphones,Electronics,2,1299
1967,2023-01-08,Rahul Mehta,Headphones,Electronics,2,1299
1968,2023-03-18,Amit Sharma,Headphones,Electronics,2,1299
1969,2023-01-24,Amit Sharma,Printer,Electronics,1,8999
1970,2023-11-09,Priya Singh,Notebook,Stationery,1,99
1971,2023-10-25,Neha Verma,Marker,Stationery,1,35
1972,2023-10-08,Rahul Mehta,Smartphone,Electronics,5,15999
1973,2023-03-11,Rohit Gupta,Chair,Furniture,2,1999
1974,2023-11-11,Rahul Mehta,Chair,Furniture,5,1999
1975,2023-12-30,Neha Verma,Headphones,Electronics,2,1299
1976,2023-10-24,Anjali Chauhan,Notebook,Stationery,4,99
1977,2023-06-12,Amit Sharma,Headphones,Electronics,4,1299
1978,2023-12-27,Anjali Chauhan,Headphones,Electronics,5,1299
1979,2023-07-04,Rohit Gupta,Chair,Furniture,2,1999
1980,2023-10-24,Amit Sharma,Mouse,Electronics,5,499
1981,2023-05-23,Amit Sharma,Mouse,Electronics,5,499
1982,2023-04-23,Priya Singh,Desk,Furniture,5,3499
1983,2023-12-10,Anjali Chauhan,Marker,Stationery,3,35
1984,2023-09-30,Anjali Chauhan,Laptop,Electronics,2,45999
1985,2023-07-05,Neha Verma,Printer,Electronics,4,8999
1986,2023-07-22,Rahul Mehta,Desk,Furniture,2,3499
1987,2023-09-07,Amit Sharma,Chair,Furniture,5,1999
1988,2023-05-29,Neha Verma,Marker,Stationery,3,35
1989,2023-05-26,Rahul Mehta,Printer,Electronics,1,8999
1990,2023-10-29,Rahul Mehta,Printer,Electronics,4,8999
1991,2023-12-20,Anjali Chauhan,Pen,Stationery,2,20
1992,2023-03-23,Rohit Gupta,Mouse,Electronics,3,499
1993,2023-08-14,Anjali Chauhan,Smartphone,Electronics,5,15999
1994,2023-09-12,Rahul Mehta,Laptop,Electronics,5,45999
1995,2023-08-13,Priya Singh,Chair,Furniture,2,1999
1996,2023-02-05,Rahul Mehta,Chair,Furniture,4,1999
1997,2023-07-04,Rohit Gupta,Pen,Stationery,2,20
1998,2023-10-01,Rahul Mehta,Headphones,Electronics,2,1299
1999,2023-07-29,Priya Singh,Notebook,Stationery,5,99
2000,2023-08-31,Rohit Gupta,Laptop,Electronics,4,45999
